{
  "best": {
    "loss": 0.10941492504300401
  },
  "last": {
    "loss": 0.10941492504300401
  },
  "train.1": {
    "loss": 0.10941492504300401
  },
  "epoch_0": [
    "logs/example_3/checkpoints/train.1.pth",
    0.10941492504300401,
    {
      "loss": 0.10941492504300401
    }
  ]
}